{
  "project_info": {
    "project_number": "REPLACE WITH YOUR PROJECT NUMBER",
    "firebase_url": "REPLACE WITH YOUR URL",
    "project_id": "REPLACE WITH YOUR ID",
    "storage_bucket": "REPLACE WITH YOUR STORAGE"
  },
  "client": [
    {
      "client_info": {
        "mobilesdk_app_id": "REPLACE WITH YOUR ID",
        "android_client_info": {
          "package_name": "com.samapps310.textrecognition"
        }
      },
      "oauth_client": [
        {
          "client_id": "REPLACE WITH YOUR ID",
          "client_type": 1,
          "android_info": {
            "package_name": "com.samapps310.textrecognition",
            "certificate_hash": "REPLACE WITH YOUR HASH"
          }
        },
        {
          "client_id": "REPLACE WITH YOUR ID",
          "client_type": 3
        }
      ],
      "api_key": [
        {
          "current_key": "REPLACE WITH YOUR KEY"
        }
      ],
      "services": {
        "appinvite_service": {
          "other_platform_oauth_client": [
            {
              "client_id": "REPLACE WITH YOUR ID",
              "client_type": 3
            }
          ]
        }
      }
    }
  ],
  "configuration_version": "1"
}